utt,sample_id,token_match,event_match,steady_token_match,final_token_len,event_len
0,6744343e-ef8c-3154-50a2-5ad464c723bc,True,True,True,20,10
1,0a2570b5-668a-ea08-0546-1db4e518482f,True,True,True,11,8
2,e02b3cc7-0a8d-83d6-85a4-1f3240b18e47,True,True,True,74,38
3,739f778d-e8e2-be4f-3fe6-015adcac4682,True,True,True,78,39
4,e820357c-d0b5-11dd-6085-7c8a73e9d335,True,True,True,47,26
5,ab216e4a-b927-b6c1-393c-2abf4f2bd5b5,True,True,True,4,3
6,b980f45a-7289-f63f-0923-2fe102deb8c2,True,True,True,25,15
7,03fdf223-366c-280d-ac70-3be5555afb6a,True,True,True,59,35
8,d1756da4-a19b-ed98-915b-ddefe9eb6ab0,True,True,True,55,29
9,bcdf094b-6bc3-e5eb-e041-01a8de913e32,True,True,True,66,36
10,f1069e64-44c8-9fd5-d54e-f03567582f63,True,True,True,18,11
11,c2cbcd7e-2ffa-3b46-f088-204d8898e2c5,True,True,True,67,36
12,89975396-e899-57de-9534-d71d04867968,True,True,True,35,20
13,b7cfd836-2867-09f5-77e1-264b76b4452b,True,True,True,66,39
14,b3882761-3cab-d5b2-30e0-5588aa172d90,True,True,True,51,28
15,989bf9c5-b087-994b-3b65-ff2dd43a5b00,True,True,True,62,31
16,9eba9131-2cf8-873d-9dc3-207ad8276555,True,True,True,74,44
17,b35e06ae-28f5-8498-8d1e-244dc02d1671,True,True,True,30,17
18,84ec1ac6-fe87-1b5d-63f1-c3ddf79fe444,True,True,True,62,38
19,9ee9d60f-f794-36f2-cc7b-53bfb396ef1d,True,True,True,75,45
20,b2bcbc48-b1ae-339e-2285-0ffdf5189ef1,True,True,True,70,41
21,b5a2b5af-7691-56b7-24ee-30eff4527439,True,True,True,19,11
22,356d3518-21f9-a281-9ed9-fa950f81d8fc,True,True,True,24,11
23,8facde28-4202-7470-0814-fa34f0ca84a5,True,True,True,24,14
24,4484a2a0-a854-cd3f-74ef-75c7231b39b8,True,True,True,62,32
25,fbe7161c-ac49-4909-1608-3a32179341f3,True,True,True,27,17
26,152f8aa9-5d91-31c0-60ca-0d6c68261e13,True,True,True,64,32
27,937c1bf8-4857-71dc-c05f-dfe0a21b65ca,True,True,True,37,22
28,9c6b0b65-af07-75c7-e6de-757bd7dbf775,True,True,True,63,35
29,00491bfc-a029-ee29-4523-f34805aadffa,True,True,True,73,41
30,ca46319c-e790-a8f6-4793-7ab542a6d95d,True,True,True,22,12
31,930905b6-467c-3098-c100-7d08467961ea,True,True,True,55,33
32,cf7edb90-0103-9853-b160-b81f7fc90fc0,True,True,True,68,36
33,b5659356-af58-8088-4790-edeb85fd3295,True,True,True,59,33
34,60590679-1bb1-0cd7-32a9-c3f21c7b5d05,True,True,True,76,39
35,7ee2a3d0-efec-f5b8-95b7-0ae338ae836e,True,True,True,57,35
36,4b4d7013-00b1-742e-299a-1b22dab617ee,True,True,True,56,28
37,d2c8f37f-bd28-ab2b-9410-2bb395a83beb,True,True,True,70,41
38,381eb51f-21fb-8b09-ef66-a8937b11d74d,True,True,True,63,32
39,fa27c85b-1af0-ee7b-53eb-bd4400090f4d,True,True,True,68,37
40,75eb8a99-8eef-d824-2020-c77a9296c82a,True,True,True,26,12
41,da66feba-9052-77a3-3334-8cc99533b59a,True,True,True,16,11
42,58fac144-68f5-2aec-75f2-39337afa1447,True,True,True,73,41
43,d74099f5-f4ea-bbdc-e351-fcf28c6f36b2,True,True,True,45,24
44,11106a5e-866c-8715-4dc7-a66377614523,True,True,True,3,1
45,7da21afd-7e50-50d8-1b15-2a77863725b5,True,True,True,25,12
46,aac8759a-3cdf-8839-335d-5a185768e6c4,True,True,True,67,35
47,778871eb-de6e-3f41-8f5b-c3827d11733b,True,True,True,11,7
48,47ab8b1c-9dc9-88b1-153e-f33553a906ec,True,True,True,52,31
49,c1d2b848-0f79-52cb-d917-367ae9fed45c,True,True,True,72,40
50,a020da8a-0e80-3e7e-b386-89e12341af75,True,True,True,17,11
51,986b5956-3f3c-433f-6504-aa534cff161e,True,True,True,56,33
52,759e278d-2d5f-dd75-9738-ec0555bbcfb1,True,True,True,58,33
53,e6cf18ae-d491-e98a-1f3e-7c6032b3d83e,True,True,True,67,35
54,4b7a080d-1731-4a93-e876-2f7c242877b8,True,True,True,60,34
55,0c5e8fd6-3c3e-c97e-74c9-a90743d923e8,True,True,True,64,37
56,f5ced402-3d40-8a78-7fa7-6fa51724046d,True,True,True,71,39
57,3b32a135-8f1d-e811-c441-de5e5026617b,True,True,True,67,36
58,2393dc9d-a670-9868-1e24-96bbde760eba,True,True,True,15,8
59,80644538-fa3c-4f76-3f90-eff8ce0695d2,True,True,True,28,18
60,669963c2-85d0-d997-6988-b1d0ea46b047,True,True,True,70,37
61,ea7cd5dd-7c2d-8e30-9bb4-348f4a199080,True,True,True,67,35
62,9e911f0d-f574-2970-3da1-7560a381d08f,True,True,True,69,36
63,ddcfaf85-f15a-1908-3660-c43260ecc5aa,True,True,True,60,34
64,934c2ffb-d39d-2163-5fd3-4348360314ef,True,True,True,26,15
65,02ac751f-65cf-aa0e-1797-3f240fab9759,True,True,True,24,13
66,a934808b-1458-4655-5c9c-26655716a079,True,True,True,63,33
67,b54462d5-7706-c236-2e93-aa16724e2e42,True,True,True,59,31
68,2be830d1-be85-9f11-0d40-8fda864601b7,True,True,True,68,38
69,0baa9ab9-ce29-b095-2b86-c1f58b690f3f,True,True,True,53,31
70,7f066b80-3a59-0bed-6465-f85935582dc5,True,True,True,64,33
71,dfd167bb-59c2-9b9d-4c2a-e9a61c3e714e,True,True,True,68,38
72,6044817a-551d-1807-5640-cfc546485173,True,True,True,23,12
73,0bd493e0-8299-eb3d-4cf0-205059107f16,True,True,True,53,33
74,ea91b37f-c2c8-ed28-1176-a3075410d132,True,True,True,65,33
75,4919946c-1e72-1af5-a14e-8b378cfe7890,True,True,True,69,39
76,9565dd38-8116-54a7-e667-144c1a09d504,True,True,True,21,13
77,60cda6b7-778b-7520-118c-19f025fe0e4f,True,True,True,24,19
78,c8d3ce08-5144-73cb-763e-3b101d35e44a,True,True,True,69,35
79,08b33890-e5b9-bcd4-00e1-0b3d7a120e5b,True,True,True,68,37
80,9f9802d6-6ddd-9fa3-c20f-acb9aa73a4d3,True,True,True,15,7
81,c84503ca-110a-51d6-0b24-f17deb7a2882,True,True,True,6,2
82,3081b275-4fa3-f9d4-0ca3-55f598a37fca,True,True,True,63,34
83,9b06f5a5-7f21-f4c0-7f0b-1d48e902ffc0,True,True,True,77,41
84,95c52928-0ca8-f732-e0f6-76ca2a96af35,True,True,True,23,10
85,fe677dbc-8e62-b679-7ef8-831298e24c18,True,True,True,36,16
86,71bf9886-c1e8-e2ce-0e14-5fb6a41946e6,True,True,True,11,5
87,ee1a7549-fe4b-b5bf-77dc-9da75130e33c,True,True,True,54,31
88,b134b8e1-b79b-0b14-e56c-95592bdb0361,True,True,True,68,36
89,5a3c6e2a-efdb-7d02-ae93-9e3ba0f7c1f6,True,True,True,85,43
90,32705937-195d-2eb0-fe22-856dc8558b23,True,True,True,56,32
91,0ff9664b-2d12-7d3d-eb35-10a4b57061ee,True,True,True,45,21
92,209eda2a-35fa-868a-1ac6-d74fa208bbcf,True,True,True,18,12
93,ccd031a0-b2a7-8693-c226-00105fbb37d2,True,True,True,61,34
94,052ba5bd-48a3-2c25-883d-e2f25a953d7e,True,True,True,19,12
95,ba91eab8-3074-c881-a627-2cf56038d65e,True,True,True,62,37
96,0d29fa0a-ab6d-a422-9ea4-f7e956b66a60,True,True,True,53,33
97,f2df60f7-c3ae-3603-910b-1092bd05aed5,True,True,True,20,13
98,bdbbe0e2-ba12-e935-1215-8f805cfa4ee1,True,True,True,73,41
99,06c41bf6-3d0e-be8a-37da-e8e76c13a25c,True,True,True,16,12
100,e3a41888-6f6a-dcf9-0412-c657d37ef138,True,True,True,52,26
101,025285c0-0d34-46c9-6daa-840f886a5b68,True,True,True,58,36
102,b6dcaa00-4a1e-ff53-4c0c-91430460a814,True,True,True,52,32
103,16992ab7-d3de-da82-e1c6-6acd3f2113eb,True,True,True,66,35
104,83752699-736a-ab2e-0af0-8ded03223611,True,True,True,57,29
105,21098700-a9c0-4138-87b6-ff2bf01ec2c4,True,True,True,72,36
106,729fa0bd-6bc7-a58f-2e60-1f09ea4b0f1b,True,True,True,11,8
107,0cec89f8-8c5d-a03e-6723-6d365c494959,True,True,True,65,38
108,6eddb46f-8a2c-a718-4579-c2653f970ff3,True,True,True,78,42
109,6418e6b7-ab95-52cb-848b-716470adc5e7,True,True,True,57,32
110,edf93d6c-8799-172e-58c0-d5ced6ed3412,True,True,True,24,11
111,b7863097-75a1-aa9e-a840-25164339c7e8,True,True,True,76,43
112,706acfee-ae24-2978-080c-c0ff65e38a3b,True,True,True,55,31
113,13b96bda-c9b7-3734-c0e3-f4d125c71b32,True,True,True,51,29
114,0291f1e4-b8a9-64a3-8d36-12547fe72ff4,True,True,True,75,40
115,fdca9673-c132-9eb5-d1cf-5fc1cae2be30,True,True,True,61,36
116,50e0a1a7-9476-8db4-ec84-3e0b6aaadcb9,True,True,True,49,26
117,0497be83-c92a-6798-d53b-542b4c4d323d,True,True,True,74,46
118,dcfccffe-a592-af40-6a3e-f88c65b0c837,True,True,True,47,25
119,c43432b2-2b4b-1edc-503a-76f3db51baca,True,True,True,31,13
120,331e2f1b-ad0e-7907-85e3-945338858c29,True,True,True,67,40
121,b6f8c5f7-1fe0-9fdc-b6e7-22a3eb1aa6e6,True,True,True,7,4
122,a0d8656b-0c65-a749-5d76-9f3778bb9d87,True,True,True,39,15
123,e34755fc-8d8c-8c93-4f0a-1994999916a9,True,True,True,58,36
124,7f3ff079-bd79-dc72-0dbc-6a9b55afa87b,True,True,True,56,32
125,d6978d46-c6ea-b7d9-0423-e0008303c7d8,True,True,True,59,31
126,ce8aae13-d3b1-7bfd-17e2-8804bbd7f34e,True,True,True,19,10
127,372ccc58-0e70-99d9-8b8e-977c5bdc934b,True,True,True,31,17
128,f2c75d9c-2d02-c115-33d6-9fd55f7435d4,True,True,True,67,43
129,5b3cbf90-0f4e-ae55-4b04-4601155d0072,True,True,True,67,38
130,e5652907-e52c-df97-8cce-c420810767aa,True,True,True,71,42
131,64557dd2-cbd4-20d6-b5a5-9159e27e019c,True,True,True,65,33
132,20e8a5d6-e949-d468-98fe-ab68a0a1dbe8,True,True,True,35,15
133,42394dd7-fc0d-6984-ae28-1deae739b87b,True,True,True,77,44
134,9452e608-6649-e49b-1af4-db11259f0fd8,True,True,True,72,40
135,fdfe9650-65b5-51ed-55ea-5644373f2ce7,True,True,True,36,20
136,efcd31b8-4bb5-6bdc-d25d-32be400006b9,True,True,True,57,38
137,76bcf356-82b8-6f91-7359-9298cfbb89c0,True,True,True,57,30
138,884bc115-cf8a-66b1-136e-96df1c9ea969,True,True,True,11,7
139,b2e248e9-07b6-c248-b377-dc01509af553,True,True,True,67,35
140,9a2c5f5f-7659-1094-cc24-65abc2b749d9,True,True,True,70,36
141,1f557247-3d6e-9deb-31fc-ded87377d33b,True,True,True,62,37
142,3a8594b4-6823-96e1-f4b7-fe5e96c6458a,True,True,True,64,34
143,451832b6-4a84-7e05-f32e-0dc8e2c0f381,True,True,True,83,40
144,f8fcc15d-740d-960b-77c5-2fb78bebbca9,True,True,True,10,4
145,2f5f7f0f-5570-265e-5670-18f9be157179,True,True,True,10,8
146,da15269f-8374-de2b-daf4-2456887859b6,True,True,True,13,7
147,9b6b3259-a3c6-b4bc-f2c9-ec07b161908d,True,True,True,69,35
148,174aaa6b-c636-49a3-58d5-110ea16daeef,True,True,True,68,33
149,8a77b416-8adc-d2cc-59e6-bbc22bf1ad95,True,True,True,63,38
150,42492d85-e6de-bfc0-e83d-7364b558c1fc,True,True,True,37,21
151,069b9068-677c-6fe8-a464-1ac245ffcd37,True,True,True,70,34
152,df070a6c-5f34-d724-30fe-15fa708a9fc0,True,True,True,69,37
153,91ded332-1c0b-60c0-00c0-ee6957dc9083,True,True,True,65,34
154,30f889cb-f022-38c4-571c-c65d7c696448,True,True,True,62,32
155,cc5085f1-e547-d543-3b53-6c4b7bdda130,True,True,True,61,33
156,5f33c5ec-8462-ccba-f2d1-2198042692cf,True,True,True,18,13
157,544b9b88-0104-6644-0d36-1a56b811bce2,True,True,True,60,33
158,550bfb57-9805-d253-2cfe-c3fea6f1a55e,True,True,True,33,12
159,78a6b5fb-d191-1cdc-c2f0-6b637d7c8c5f,True,True,True,72,40
160,828b9062-9f8c-2a01-8df2-0c53b47b2f88,True,True,True,67,38
161,0a172920-fc59-f86e-1f68-21b9010a508f,True,True,True,14,8
162,6c691fa4-54a3-1566-ba90-d8acd92ee896,True,True,True,11,5
163,5865489a-fa79-e16d-8c38-d0d096fa12fb,True,True,True,60,35
164,fea12e3a-e9a8-5b24-7107-a99817eeffa0,True,True,True,62,33
165,d81df249-9316-fdef-c952-6d418e00ec5b,True,True,True,68,33
166,1d865dfa-fb3a-614b-9906-087e5a5909f1,True,True,True,25,14
167,3891fb52-af7b-25c0-0b3f-7667abeef2cb,True,True,True,30,15
168,dac19c66-0a3f-966b-299f-e4800cded3ea,True,True,True,63,34
169,68ca55aa-87a2-c94e-daeb-641f3ab5f747,True,True,True,61,34
170,442ded1c-5750-878f-2c2b-e5543b258cca,True,True,True,65,39
171,4568b584-77ee-2cf7-3d93-c111d5d57cbf,True,True,True,64,32
172,ada44822-4627-4a84-521e-f850a402acfc,True,True,True,64,38
173,eb6f9fbe-fdde-b78c-901d-241f222505b7,True,True,True,62,40
174,675b51cf-0365-44e8-3d55-292029fc1224,True,True,True,76,40
175,14faa09c-975b-268f-1b3e-192cf1d74c13,True,True,True,12,7
176,58fff51b-267b-de9a-9d5b-0a14173a80f8,True,True,True,8,4
177,3c1290ff-4cb0-d8b4-1041-200f6014446a,True,True,True,74,42
178,41a7d4a5-01ed-489d-6f6c-9fab277114ac,True,True,True,63,34
179,fbf2c132-1b7d-697f-9267-d91fbfc89ba8,True,True,True,9,5
180,d941cb80-e1a5-9d5b-09b3-c8dfd9220a23,True,True,True,63,38
181,35b3418b-9fde-7656-fad7-63bdec056f09,True,True,True,23,11
182,c992114f-10d9-46aa-7954-8281cb023999,True,True,True,70,42
183,efff45af-d154-1552-9b4c-aa8a15500f2d,True,True,True,15,10
184,03f8bae9-7be1-a5d8-e5de-34252f903ddf,True,True,True,64,38
185,c38b5d4b-bf5e-bf10-6b0a-524997e73023,True,True,True,72,33
186,8787d09d-1973-f9be-eef9-c9dd51241b5b,True,True,True,62,38
187,dc6daa22-2b3d-3f00-b546-f698f3a3b324,True,True,True,64,36
188,b2a749fe-7923-cbc0-8901-dcd22213b448,True,True,True,63,34
189,fce417f8-3547-ca48-6601-44614a8453b9,True,True,True,63,36
190,6bb6f187-a2c9-ad51-eee8-b24f0c1d9b83,True,True,True,24,14
191,82855049-2871-b512-c456-d1366f23b97f,True,True,True,21,14
192,2dfbb398-8d02-c303-c1b9-be6c7823b41d,True,True,True,69,37
193,0175d4c4-35c5-70ed-fe52-cc0ddb0dc2ee,True,True,True,67,33
194,87addfd1-f366-ff7d-bb5f-dd20421fd5f1,True,True,True,47,26
195,61322b11-4b42-7273-028b-d6d7b8e17ea8,True,True,True,77,39
196,4946c229-7806-af10-839c-bb40cf35896d,True,True,True,50,28
197,da8904a6-e32a-31ef-ef6c-8999362184e5,True,True,True,13,8
198,e018a533-4638-c75e-ef13-395ea8e2eb7b,True,False,True,67,41
199,ee2cbcb3-478d-2fea-bbd2-9780b2388b49,True,True,True,11,7
200,26fc63a7-b904-e8ef-134e-e769259a053e,True,True,True,62,34
201,8107169b-5dee-0d86-1fa0-a6fb92bf3cf6,True,True,True,58,30
202,72c2212f-120e-2dec-cc6d-7e091eb8f779,True,True,True,75,44
203,505483c1-bb87-aa46-a0be-7d6a9e5bb86b,True,True,True,13,9
204,8e1e52c8-89ac-ff78-d448-e4bb28da5862,True,True,True,65,34
205,09acbcfc-a4cb-363f-3914-dfe58194bb35,True,True,True,64,35
206,a3722a32-33c5-1e66-4674-46240bb7dcba,True,True,True,65,31
207,d7d00b2a-599a-aced-2a79-430a05e63a24,True,True,True,78,39
208,f41545ad-0c9e-6d17-97cf-7cdae76c2c10,True,True,True,75,37
209,b3cab6b9-8349-6f87-3955-6f3b9b034106,True,True,True,16,12
210,0b6e0553-f92b-cf20-93c3-456f12f060b6,True,True,True,28,14
211,24b2121a-daec-9048-3226-b5f9972158ef,True,True,True,7,3
212,e896130f-0b06-c3cf-9b00-c569ec54363e,True,True,True,61,36
213,669d8d90-604b-4e9f-001f-1556a151004b,True,True,True,16,10
214,5a02f4db-3b66-b579-0322-c47c54cf120c,True,True,True,65,35
215,72d1039f-0737-11eb-4143-6e029030121c,True,True,True,68,38
216,bcaef15b-8ac8-c314-d193-eb86e6b4d2ca,True,True,True,63,36
217,a06b83f7-168c-15a2-2e8b-32f6060f5212,True,True,True,56,32
218,e6032150-edb6-3dc3-82ed-bf320f74353b,True,True,True,11,6
219,81c19604-5283-c2eb-dbbd-5203ef472179,True,True,True,61,35
220,542c08be-bdcb-3274-4450-98c6c21599f2,True,True,True,67,32
221,6ab1f557-8863-07dc-0fa9-bf47f335d0ba,True,True,True,60,34
222,791db8dc-1904-7842-bc03-fd4d9e2a8b2e,True,True,True,59,33
223,13352a53-1af2-9536-1191-3e1728af1503,True,True,True,63,37
224,e8099f78-e725-1847-9779-081aa67ab108,True,True,True,58,36
225,15a19712-e296-a87c-56c1-8792fe37d1d2,True,True,True,57,32
226,fae993e9-47d9-1e19-df20-9394f7f373d9,True,True,True,58,36
227,c13667b6-5d33-d0e5-511c-4e0ebf544d57,True,True,True,21,13
228,a37ac974-96a0-070e-4600-79ced35bb1af,True,True,True,62,37
229,83b01cc7-5fcc-504f-97cb-bddaa0e93b6f,True,True,True,16,11
230,4715cbf1-6b56-bbcb-870b-c89faeb7596c,True,True,True,69,34
231,7970f925-d5b0-e0ce-f624-3debd90427ec,True,True,True,70,33
232,69786a0c-3dce-85bc-a12b-ade1d79dcea9,True,True,True,22,10
233,f6bc5001-3f87-1c53-50b2-bc52289e03bc,True,True,True,27,13
234,32b8473d-cad3-d64f-e3b0-85dd7b9d23c8,True,True,True,51,26
235,15d23a27-f1ef-ddf8-cf93-501137f8848d,True,True,True,66,42
236,a4baca82-e676-915f-e017-ff791ae25b9a,True,True,True,76,40
237,9eacfb1b-6b81-21a4-f475-440dfb94e179,True,True,True,66,35
238,5ad0f277-554b-3f09-031d-3f4bc96424bd,True,True,True,18,11
239,4200b122-5de1-10fa-85c9-1e9c7dae4737,True,True,True,38,21
240,cf7bd676-f1a5-c524-421f-0eb9385983e1,True,True,True,15,13
241,9d86862d-aa2a-fdf3-eefe-950774a72c02,True,True,True,63,33
242,6e4d183b-8fb8-ab3b-dc1f-b9623dd31bc2,True,True,True,67,38
243,bbc9116e-e3f3-a293-5b9f-a51b0c689c1a,True,True,True,29,14
244,cec9374f-dcdf-f302-c236-097c08a627c7,True,True,True,69,36
245,7f331704-53c9-6002-5b26-7880476c568c,True,True,True,63,34
246,2427d82b-728c-8ba3-a9c3-1c0d83c09b02,True,True,True,62,35
247,c4f9b35d-8002-308f-f757-3c462aa58479,True,True,True,62,38
248,65b6346c-8562-6867-8996-0b45f71304ac,True,True,True,22,13
249,3c883042-3d63-b4bb-92c6-25de9e974ee1,True,True,True,29,17
250,d5d86e90-81fb-b556-4a73-e18982be6033,True,True,True,31,15
251,412bafd8-1848-b2ce-e6cd-a56edb80cdff,True,True,True,19,12
252,2332f70d-509c-17e7-0f10-869c94ab3951,True,True,True,79,40
253,1a6034bc-7d58-8382-b4b1-2776609af190,True,True,True,18,10
254,53e791f8-835d-8fbc-9ccd-ee6a240e5733,True,True,True,71,37
255,32cbfc2d-001b-2e3f-4301-7460c948c2fb,True,True,True,66,32
256,f37d01b8-9c52-4e87-5378-1e692700e666,True,True,True,71,35
257,82b974c8-a992-3aef-1453-9ca95dd518f7,True,True,True,21,12
258,bf67b864-ca2a-5073-f812-cdeddf76afe8,True,True,True,61,38
259,745a4eeb-e4e5-1f8b-f677-bfa5765cb504,True,True,True,9,7
260,d0eb140e-0f51-58de-fa7a-8969b131592c,True,True,True,63,37
261,bc3d3591-2dbe-aa1e-55aa-755909cd4933,True,True,True,78,45
262,8a96be96-c20c-4704-45b8-174000163719,True,True,True,60,31
263,b1824186-b269-cc10-06fe-1872b29a6339,True,True,True,18,11
264,3910f844-4b1e-b338-1d23-e71eded3a422,True,True,True,63,35
265,6ad2a345-2ddb-f221-6a95-ea8f1cf86100,True,True,True,22,15
266,645f73ef-3f8a-d982-622e-8a08408b616c,True,True,True,61,32
267,ee49bba6-ad9f-6328-8d52-87700558bc9f,True,True,True,69,39
268,f194afd6-d286-251f-1cff-6ca7d5612f9e,True,True,True,73,40
269,c931c59c-7271-4a78-968a-1c32ed1537b9,True,True,True,17,12
270,1c819421-f087-6cb8-4f6c-9e37d154917d,True,True,True,12,8
271,545d2919-6153-7187-fc95-48ff62a7276c,True,True,True,63,30
272,f034ca12-bbe8-abb0-3149-473e76f0ef6f,True,True,True,65,36
273,8397e582-b3f8-1c0e-a9ee-a6fc294d0b0c,True,True,True,53,28
274,6f6212d8-0a4c-7351-b14c-5f4d2884b3af,True,True,True,76,42
275,94f8b7d3-4376-ab6b-ccb2-52e14897c2bf,True,True,True,19,10
276,223e29b5-216f-35e5-0b07-94fe02040496,True,True,True,58,36
277,cd03abf1-bc5d-d4a8-e524-563d35dabc09,True,True,True,4,3
278,21ae428e-3746-7321-84d9-8d350053c375,True,True,True,61,35
279,2f1875af-dd01-10cd-ca24-bbcb62f2e668,True,True,True,12,9
280,5c351715-ab8d-ef58-3944-cf1587126295,True,True,True,9,4
281,5c7f9dcb-ad47-ca20-7b0a-48cc8484fe32,True,True,True,39,24
282,e43c9867-ae26-3877-17a2-25b309302d86,True,True,True,18,10
283,f90c183c-c448-874d-f8e3-ee40f0da93a0,True,True,True,31,17
284,f7081780-6a45-9ad7-94c5-5597ae165ea0,True,True,True,24,12
285,2717efa0-825a-d15b-4739-7fa7de3234e3,True,True,True,15,6
286,7a8ee024-7549-7470-58f4-9a5a5d7e0bb6,True,True,True,66,34
287,8e36b09f-8d46-f625-c30e-f0a49389207b,True,True,True,50,28
288,999317b6-fda2-f4c8-30ec-acbe79bcc976,True,True,True,68,33
289,ba533222-b724-104f-7532-b1e6a031361c,True,True,True,20,11
290,04466e04-72b1-5d62-aef9-6671364ef519,True,True,True,29,19
291,cf5e3b81-d30d-af07-4836-fdb77bf52a51,True,True,True,12,7
292,abf14bef-f0ec-9daa-bc81-2b1ec6e4c375,True,True,True,68,40
293,07042c94-e2f1-b582-5c93-26096068ac57,True,True,True,18,11
294,2151c69e-a6f9-1bd0-9a42-26bd35bb9d91,True,True,True,60,31
295,b762af8a-54c1-69f1-d9e0-edb621ef6951,True,True,True,25,14
296,52373f22-b2c0-0478-c29b-f775be8fc6a9,True,True,True,20,11
297,a137ed6e-05b1-6527-f7a3-67dad6687fcf,True,True,True,63,35
298,5b02ddca-93c7-8804-a7d4-8afe706da123,True,True,True,38,20
299,7a836f75-b381-71e0-572a-0452aabf4560,True,True,True,65,34
300,0da9343a-bc61-0071-28c1-544ed83138b1,True,True,True,76,47
301,8e622739-853b-e5a3-af35-5c02b60677fa,True,True,True,78,41
302,73f3fe76-c269-eaf3-1250-7f2c7f607e42,True,True,True,62,34
303,2f14f377-4af1-2e69-c777-c8a350d8d4e2,True,True,True,20,11
304,4f1a5533-3ec6-2b95-2d6a-ef2342d22471,True,True,True,17,11
305,419045ba-4f4b-9aaa-8b2c-fb70f1d940d6,True,True,True,71,38
306,649df219-d80a-69df-9173-80f5a1769723,True,True,True,16,7
307,dcee844d-d2ca-61a9-95e3-e0802658e27a,True,True,True,39,18
308,10380ba6-f476-2705-4790-2a1b61874b8d,True,True,True,72,43
309,356989a0-ef36-2add-54b3-13124f5d7f75,True,True,True,66,33
310,7a6e8eb1-36a5-954b-f5b5-a780268d9410,True,True,True,65,33
311,365729ee-cf2c-e72e-5d7c-417b1ccbe50b,True,True,True,27,13
312,7670a8c3-64fa-bfa8-a0e9-f7c68df649af,True,True,True,44,27
313,3405803a-a941-4a56-4f7e-bf9abec6f3f3,True,True,True,70,37
314,3cec70da-e76c-d52c-d25f-671f281509c4,True,True,True,65,30
315,debb6ae1-d674-3c7a-67e9-903c806e10f5,True,True,True,71,41
316,e1d5d27c-6c0a-f940-4d7b-28a0df6c8a9d,True,True,True,74,44
317,387dda24-8236-551a-fa31-cad321d9dedf,True,True,True,64,35
318,78838f5e-a073-44a5-482b-4fbd2952f9e9,True,True,True,60,38
319,43c93d8d-48c5-a551-8281-8f606d05c612,True,True,True,67,36
320,a12276c3-59d5-c0ef-8738-5056f93ef1e8,True,True,True,73,36
321,a1a5826e-8b91-5909-20d3-870cc4d80abc,True,True,True,59,34
322,e40eb39f-04fe-387f-b7c8-9440b08e697b,True,True,True,80,36
323,9c7c7e22-a955-585a-96b2-a5a6769845d9,True,True,True,45,26
324,a1de08dd-b935-2cca-f0d0-b15d1b637092,True,True,True,32,19
325,2a67ffe6-8ffe-d881-1217-d61c45f715c7,True,True,True,14,10
326,6c1dfe23-72dc-f97c-d4b6-1cb73dccfef2,True,True,True,72,42
327,79fd88d2-ccad-7659-a163-1bcc1bd65666,True,True,True,63,34
328,c24fa9c4-93eb-8a6a-8ab4-91e8bb931c44,True,True,True,60,35
329,d7642b1b-ac38-82bc-f2d2-7ee9aab7270f,True,True,True,58,35
330,eb99e5bb-d064-e5d9-e4a2-b44aa2c4247b,True,True,True,64,35
331,4dddec48-cc3b-7766-dcf1-5f5e967e0a1b,True,True,True,54,30
332,a9882210-e046-ad56-c835-ddbd6c66efe9,True,True,True,62,29
333,bdbcd8ba-6f73-21e2-596c-e277f046002d,True,True,True,75,41
334,42d9c06f-2c15-accb-6490-0e0fb207f479,True,True,True,14,7
335,cbfae6c3-faf8-9eff-6f62-68db8d32707c,True,True,True,64,31
336,761e70f7-e12a-d104-a199-9255b8d051b3,True,True,True,62,38
337,ce6b7b7b-c2f5-6940-59e9-157347ab5c44,True,True,True,19,11
338,532a6e53-5bb6-32b8-ae6d-d8457bf62ae8,True,True,True,32,18
339,32773e53-5bbc-d88f-da94-aa1ca43f3ec6,True,True,True,58,31
340,aca9c268-80db-909a-d062-d101f6143877,True,True,True,59,28
341,e8ff357f-c61a-1725-9591-c90cd533e10f,True,True,True,23,10
342,ae6d48ab-e53d-7f09-167e-cfc2b2a21535,True,True,True,63,38
343,0c6fbb78-80a1-dc8c-161a-de15220749e3,True,True,True,81,44
344,4a336add-ed6e-c090-6f18-577fc8bc122d,True,True,True,64,34
345,1b6b48cb-aa9f-9e95-db41-5d7339ff992b,True,True,True,7,5
346,203bf31a-0db3-0cb7-861e-e8370a5e0138,True,True,True,21,13
347,efa9c664-47fc-4114-a48f-8f4b5bc0b0a9,True,True,True,17,9
348,f00ac90e-efb9-a66a-fa69-ae9ee24e4140,True,True,True,58,35
349,bc53d5b8-99a8-f66f-c005-d6a984ec8158,True,True,True,33,17
350,5e43a60f-501d-b3be-1dc3-2cdc2e8ac3d2,True,True,True,58,31
351,6c551a93-578d-69bf-cbfc-dc3d0c03b896,True,True,True,70,38
352,72fec3ac-f073-0275-669a-ef7a1488ac71,True,True,True,8,6
353,0bd8fe42-d9c0-70e5-a227-e44e5e512a27,True,True,True,58,33
354,082d72b6-9969-0033-9f66-36e9b3389f01,True,True,True,59,31
355,c7037748-0d90-c7bc-a6af-ac4975c029f5,True,True,True,67,34
356,b925e205-1da3-78c9-9a56-aa3ee356d972,True,True,True,63,36
357,af4a8e66-95b8-5bab-4c45-0ce79b4c06bd,True,True,True,34,19
358,16530273-4851-d2b3-aea4-daebfaa1dcf0,True,True,True,71,37
359,ca4228d5-7e92-f039-8d15-2a9dbbaa8c49,True,True,True,72,36
360,ed4785c8-1c50-a0be-fd34-beebf2c4cbb1,True,True,True,12,9
361,b7801a1c-1256-14f6-0373-dc2c2f672745,True,True,True,25,16
362,430cf43c-df97-a5a4-399f-66ccdb418a22,True,True,True,62,37
363,e2e6eb74-4049-cf33-5d05-7e3161663806,True,True,True,67,38
364,cb9836e1-5397-9884-b62f-6f1d6844a526,True,True,True,79,40
365,3b8877c9-577c-7786-96b6-a868fca49002,True,True,True,35,23
366,70918c03-3aea-0ddb-d1de-ab0ab2cc2348,True,True,True,61,31
367,a2e95e6e-51b0-c7fa-955a-8e55b5158c8e,True,True,True,64,35
368,f9581f58-ab64-4a6a-b049-32b720cd19f7,True,True,True,71,38
369,ad58a740-1694-5b78-30d0-27820a77a693,True,True,True,67,35
370,58c80487-388e-29ad-4313-19371152ac67,True,True,True,62,36
371,c242a089-3188-9023-d972-dd961e9cc695,True,True,True,54,30
372,36697f75-ed07-deab-0af8-e84f7fca5c85,True,True,True,59,28
373,5664472b-02d4-7a5f-de40-2a8efe0e93d0,True,True,True,60,33
374,dd2f59f5-3d1b-4150-1769-b701aba5c0b0,True,True,True,19,11
375,b89c1e49-c327-084f-701c-9380f991c1cd,True,True,True,70,38
376,38c4ef9e-5ace-733e-5a6f-f5c735645ea9,True,True,True,54,35
377,cfd6981d-e8ce-08f1-b536-e8625d983775,True,True,True,59,35
378,b74ca0a8-a9ca-62a3-e048-6109a316f10b,True,True,True,62,40
379,2c99c6a8-f29e-25eb-4618-ece1a168fc4c,True,True,True,68,34
380,f948d20f-d3e2-4b18-ab5e-241588700b69,True,True,True,33,17
381,1c52c26d-0fd2-4601-129c-091ab83778f9,True,True,True,18,9
382,76cf8613-9476-a79a-e501-b6192750d7b4,True,True,True,10,8
383,6e24fa9e-09b6-923a-1e4a-006e1583b54e,True,True,True,21,11
384,f7e68462-c391-0b47-430f-968b79e87d9e,True,True,True,79,42
385,0c674502-a325-83f1-db9f-084c6203d727,True,True,True,52,26
386,52d9ce91-b50d-0478-0cb6-5e72b6e4138c,True,True,True,55,29
387,d5a52563-fbc6-b3f7-68a2-115179e0487c,True,True,True,69,34
388,87a2a8fd-2dee-0394-cf58-0642d848f0d4,True,True,True,55,31
389,37e5d611-c4b4-1889-c1e6-eb89af64a4a8,True,True,True,19,12
390,b69d24a0-c2c3-0dd0-e7bd-a14e7307df89,True,True,True,16,9
391,d4c0818c-1ffa-8cdf-452b-bbc448e21413,True,True,True,12,8
392,cf699da0-336b-d793-ad8d-66780c3b4ff3,True,True,True,24,14
393,f9579e62-7126-6971-136c-255df03ef00d,True,True,True,63,37
394,307fd45a-ef7c-ba37-d787-cf9fd30b652e,True,True,True,62,40
395,f20c8ce5-04d3-9cf0-9fcb-46beabb0a1fe,True,True,True,10,4
396,2ae215a0-0d47-e55c-e710-0c0432dfc81f,True,True,True,73,41
397,ec3d261f-eb34-fb17-fb79-fdfe68489cce,True,True,True,64,38
398,4dd8ed07-34a1-1432-1779-3379378db5c4,True,True,True,57,35
399,d905ce5f-fb77-188c-4276-fc5415d82be7,True,True,True,21,12
400,8c93c70d-3c3c-f70e-72a0-8a8fb9c9e7e7,True,True,True,70,34
401,8d97f8b2-aa82-5d29-3880-ab383014d451,True,True,True,70,39
402,cd3ae7f3-602b-7964-03c2-3858126ec27e,True,True,True,82,40
403,436a2a74-659b-73ba-d599-6a742e6d1c61,True,True,True,68,35
404,a9cff83d-43a1-4e6e-3800-bd1ee8efef93,True,True,True,29,11
405,1c04cd73-9e4e-0171-cd11-4ef5b93e086b,True,True,True,52,31
406,7e37595c-0d09-be9b-e4e6-8a212d22dcbd,True,True,True,11,8
407,e2ae1ae0-2b0a-1716-1c7b-3715e31a52e5,True,True,True,72,39
408,d3b48654-4755-9103-b899-f4aceeb882b6,True,True,True,70,36
409,c34b4371-656b-9734-89c0-6e6834315ef8,True,True,True,66,37
410,864f1052-c11d-0a97-3627-b365f55c9b32,True,True,True,56,31
411,17875864-af63-ae82-19dc-f6b4dd969d78,True,True,True,62,33
412,2da2b115-7a9f-735e-8358-2b42f199545d,True,True,True,66,32
413,68b96b2b-547e-2e8c-d305-b4fc517c0b3e,True,True,True,64,32
414,47124307-551e-2902-9a53-b64e14198b52,True,True,True,12,7
415,4f7290d7-7905-bee5-45ff-3701c6910da0,True,True,True,50,29
416,be3cab62-c45c-79e6-eb8a-6e728f2b1ec6,True,True,True,9,6
417,aa390aa9-bc21-52a3-fda8-a80ea25bc4fa,True,True,True,13,9
418,3f052634-a134-c162-aa95-ac77dcd985c4,True,True,True,60,35
419,366a995b-7fa5-d8d5-cf79-4cb34fc19abd,True,True,True,19,11
420,59c549a4-b15d-031e-7591-b0404028067d,True,True,True,74,42
421,50c0f887-fbc4-f801-a40c-dc4dcf5cdc5a,True,True,True,59,29
422,413064c8-bf12-0a75-2f5e-2ce6dc84c54d,True,True,True,63,36
423,93e782f0-a496-24ff-fb80-0baff94e8e17,True,True,True,61,33
424,9e314e45-aaac-9ea6-3d36-8f1a5a2cb8cb,True,True,True,68,37
425,4c5c2147-ef50-6aab-f543-6cc57b92b1a0,True,True,True,11,5
426,ac83cb3b-d328-12c7-a4f7-ae54ce286ede,True,True,True,23,13
427,7809fac2-f750-c347-ea7f-94f921214d43,True,True,True,39,22
428,2c4d0c58-1cc5-3a2c-dc5d-69667f6d006f,True,True,True,21,14
429,e0f12416-094f-17a2-2778-fee521695945,True,True,True,21,11
430,bcf8bb7f-0a3d-55bf-7238-313630e59811,True,True,True,64,39
431,2ffced33-22be-330a-0c2f-f8fd2498b764,True,True,True,27,16
432,f3df91ca-1165-47a1-fa93-7c8b5a74caaa,True,True,True,27,14
433,6d8da669-6248-d9ff-d0c5-f6ce33b10844,True,True,True,66,36
434,87c3129e-7168-364b-8f2c-49518aec0b68,True,True,True,22,11
435,315d1998-9596-f6ef-ca47-4f02d4e8556c,True,True,True,63,33
436,4e182b4c-2e30-d874-820f-a8834b42e488,True,True,True,62,31
437,264b6f1c-9b47-888f-996d-0d44b36f67ed,True,True,True,66,37
438,44b9bd6b-3e29-cd25-2973-ba9f3810a4ae,True,True,True,66,38
439,dfc4b607-9e24-0363-46b9-7752218e567e,True,True,True,66,37
440,b9abf1fc-d8cf-c312-c964-e5be4b3f7e3d,True,True,True,57,31
441,ba806c06-3228-c663-7f14-d573a8c211b8,True,True,True,70,35
442,4077ccf0-1211-d2d3-1a71-278e5b25663a,True,True,True,23,15
443,812f9e12-f153-57ad-facc-58f9101c8b72,True,True,True,44,23
444,12a3d4b1-bf6b-722b-c5be-a79ef5c182e0,True,True,True,64,36
445,a818397b-4003-9330-0b62-43b510774837,True,True,True,56,28
446,d0fa4135-897b-6621-0ca4-3cae7abac694,True,True,True,63,37
447,518aa244-a649-7791-b2e9-0b0989163212,True,True,True,72,36
448,9ce5fdfc-b0d5-2633-0964-f826672a43de,True,True,True,73,37
449,2854461e-c4b1-061e-737a-099dbc6abc2d,True,True,True,21,11
450,d63ff87d-8dcd-d815-31dc-2d94bc8858a7,True,True,True,16,8
451,2d3bc042-48a3-7076-5590-8fb1cf313403,True,True,True,64,32
452,81c7a2c5-0fa9-bc71-da23-8b10421239f3,True,True,True,18,10
453,b9c2ca23-d52c-a814-9d46-bbea97c1e284,True,True,True,57,31
454,fd74b8aa-6c30-2a30-059e-dbcc53609ceb,True,True,True,18,13
455,ae87f7c2-92d3-5786-7c08-af56952355bd,True,True,True,18,9
456,c5d8d78d-0ff6-6223-79fb-dc8ecc163404,True,True,True,62,33
457,ec7becf7-18d0-2daf-a591-bf6cc98aa062,True,True,True,13,7
458,4bfecb83-6f0c-80fa-e848-fd473a2ebe2f,True,True,True,23,10
459,e5b358a8-e2cf-40c4-7e2f-9a0c74781024,True,True,True,34,12
460,11dbb0a3-60bd-4462-d590-a9ac3ecfb5ea,True,True,True,78,43
461,4779c1cb-5ebc-ccbc-9433-3be7128ca351,True,True,True,17,9
462,a2aeb4e6-daa7-08a9-5d56-6857f8f91765,True,True,True,67,38
463,0173f6de-838c-139d-4f62-49762a382755,True,True,True,69,40
464,10b56f80-f2f3-6f3a-96ce-969e18086940,True,True,True,63,36
465,0442fe17-60c1-e543-6c1e-74d1d7a1de8e,True,True,True,42,23
466,a41892f1-3d20-3049-f107-aec3a29b426d,True,True,True,66,40
467,2fd521b4-9b83-b391-869f-213f2c835e93,True,True,True,68,37
468,7188d8e8-2689-e765-0bd3-8f1fde42987c,True,True,True,61,35
469,1e993cf8-6b73-8570-12d7-6e0aabb5354d,True,True,True,58,32
470,8b700a2c-1f6c-699e-df9a-75398ad9e16c,True,True,True,61,31
471,88bb72d0-0b55-7021-bc40-4cca5d314726,True,True,True,11,6
472,b56d79e3-f63a-47a2-2372-636b54488815,True,True,True,23,15
473,46174128-6089-ee36-8581-e6edf58a6e5d,True,True,True,12,7
474,72cbb3b9-a0b7-244a-6e3d-480bd636f112,True,True,True,13,8
475,13abfe37-eef5-d311-a98d-672ae1e8cfd5,True,True,True,72,41
476,da2eb3a4-e4a6-91ba-8f51-05f49e959f43,True,True,True,77,43
477,e3f927ae-253b-e18e-d6cf-380577ec4a8d,True,True,True,87,42
478,30cf2d1a-c1f3-42c1-77b9-4344487da755,True,True,True,71,33
479,f3464b75-0053-d2bf-91b1-a5c58f00221d,True,True,True,7,6
480,81575490-f4b4-1c2e-76bc-aea4be2cea8d,True,True,True,84,45
481,cb019196-5aa2-654b-1134-170c40b56bb6,True,True,True,66,31
482,efb3d7f7-2937-efca-f321-b382faed74d4,True,True,True,76,45
483,95ef2dc3-7b3b-f502-e5ce-cd133e04bcc5,True,True,True,28,12
484,d88f0953-a7f2-d2ef-399e-8ca67248e46d,True,True,True,83,43
485,ef8c9a8c-85b6-a290-624e-4b19fbdf7395,True,True,True,4,2
486,932b4dae-cf5a-b47d-5394-9a5e754b2a43,True,True,True,29,17
487,85dcdea7-2a47-0011-185c-43bd23a73b10,True,True,True,19,13
488,8b5aae13-99a7-0c39-0291-cf8a58d8255b,True,True,True,56,32
489,731aa08c-0796-0b01-8494-485bae846a38,True,True,True,11,5
490,ba36ba39-f12a-c40f-7c27-c1b33c734636,True,True,True,62,28
491,a0f1a32c-9533-b52f-c0ad-d9e129105e18,True,True,True,75,40
492,a527441e-14d4-a44d-1c60-7e0352e7624b,True,True,True,65,37
493,33100d00-9829-463e-b7c5-81089b4ff1df,True,True,True,61,33
494,229c965a-516c-8e12-5d47-387caf1a6ea6,True,True,True,59,35
495,46656e19-2f59-8aed-ac81-d4eda61df945,True,True,True,22,12
496,b453ff2e-92dc-ffc4-f963-e4f51fe2a3dd,True,True,True,62,32
497,c6f0217f-81aa-f6c3-eb60-5dcd1273d1eb,True,True,True,72,43
498,365c44fd-6111-5575-5c32-2aafbda57a5a,True,True,True,68,37
499,4afd196e-e225-598d-1c4a-fdbca749cdc4,True,True,True,68,34
500,a2e3194d-108a-dd85-09aa-2b58c20095b7,True,True,True,61,33
501,80812f1f-ffc4-e885-5754-6df1bf048408,True,True,True,70,39
502,23e4acd4-8df5-2f02-9fbe-85cdfcc0156f,True,True,True,20,13
503,c6a12dfb-07eb-5928-0789-f69a867affd4,True,True,True,12,7
504,1367b18d-5a44-945e-b4f6-1f4e818fc1bb,True,True,True,18,12
505,8b8005cb-5012-fe0a-02af-3b8c7598f86a,True,True,True,13,8
506,ee6f29ac-14a2-d82c-c416-07e81b26f8d0,True,True,True,66,41
507,4035646a-b639-1521-9fc9-ec79c1c9f46e,True,True,True,63,32
508,7b4db42d-88c6-2240-f137-655052d6625a,True,True,True,76,38
509,23ae4f41-f285-75a9-ccb9-4e7d0ef5985e,True,True,True,16,7
510,7a74d616-b1f4-f299-0ff1-573a9e3a54de,True,True,True,61,33
511,3ee91156-5c34-0105-f8fd-50cdf5485cea,True,True,True,61,43
512,83ad371e-44e0-de00-cecd-2ffd5184822c,True,True,True,62,33
513,06b1a3ac-54e7-bcc5-8482-18908573eede,True,True,True,67,37
514,30ac5a74-348f-19e3-8f9a-b5b87141a919,True,True,True,2,1
515,4040841f-bce4-2cac-a03c-e496e95f8c58,True,True,True,65,39
516,54a6e03d-81a0-0e1e-f5fd-954e9425eacb,True,True,True,22,14
517,6e732a14-a5ca-ce82-7df3-f2fb83cf6c49,True,True,True,66,35
518,8bddefff-7f89-ce1e-4d74-b8b442cba2fc,True,True,True,63,35
519,fd8ee45c-2c75-f9a1-5443-6faf06a93aef,True,True,True,78,42
520,9507c4b2-d195-2902-5fe4-2c661aee6c3a,True,True,True,25,12
521,5bc76555-afbf-1d91-b62c-5dd536f79936,True,True,True,24,11
522,4ffe1588-5dad-c39f-8dd8-2cd1ba9f84c2,True,True,True,26,14
523,74985d1b-b646-637b-c2e9-32aafa7faa4a,True,True,True,11,7
524,84f231a9-14b1-4a8a-db6e-b3ef6d0f04b8,True,True,True,29,18
525,9a6a5032-373b-4ae3-438e-62b5af54f0e6,True,True,True,18,11
526,7aee4909-35f8-942c-6c46-2d15231f61df,True,True,True,64,36
527,4e77f301-0620-e034-8e3f-f13bbf2c46b9,True,True,True,21,11
528,237b9018-c6e8-698e-5b55-951cb94aeeb3,True,True,True,65,36
529,65d89314-e857-1579-27e7-a5c15d9b009b,True,True,True,62,31
530,def74bf7-c2bd-4433-6a64-aed420ead318,True,True,True,71,39
531,fc0adfc5-df99-7f75-a42f-3353edccf2fc,True,True,True,81,45
532,9fdf80dc-7fb7-78fa-cf2b-76b44740e602,True,True,True,73,33
533,3becb030-5147-90f4-c5f6-e507b423a759,True,True,True,8,6
534,257b643d-c911-a484-c787-1ef8207f36c2,True,True,True,15,7
535,45908b00-1728-3f5b-9081-1ef9609cc976,True,True,True,28,16
536,8b279051-2729-bca5-2caf-d864e2f16e60,True,True,True,37,23
537,e9fba08d-08eb-e670-2f68-2a36083e0e5e,True,True,True,65,35
538,e9fcb2de-43d4-5440-e050-13e9013864b8,True,True,True,6,4
539,715403d3-071a-3313-1520-5fd73a92b98c,True,True,True,61,30
540,1d1b8787-f156-3be6-d1b1-40d1f2663783,True,True,True,57,32
541,78bdf683-0fa3-46d6-462e-b6a8dc0314d9,True,True,True,54,32
542,4cca9988-74fc-0b32-99cd-b8a344d92fd4,True,True,True,74,45
543,4a121edc-697d-bf90-d5f2-eccea557f43c,True,True,True,13,8
544,96884fad-c8fa-8ba3-8cd5-d009621f9493,True,True,True,60,33
545,1fbdf740-3d74-039c-8b01-83084a5d310f,True,True,True,18,10
546,8d65a6fb-4ee3-a008-4790-0537c1facf09,True,True,True,10,7
547,7abb01d2-9c19-2665-c6d4-e8a6af0482ad,True,True,True,70,37
548,0a61a2ca-99c5-d363-a37d-c685a2e6b22c,True,True,True,17,8
549,75f64413-5fdd-1428-1ffe-98e2f27c8bdc,True,True,True,62,36
550,0be049e3-f479-3919-e8d2-d2fbd209d54d,True,True,True,58,34
551,564af4cc-d899-fe18-ac34-c5b707442c1a,True,True,True,65,32
552,7b170b20-b694-3b8b-19c3-32bf54c231f4,True,True,True,27,14
553,710292de-1eef-ef16-654b-6defa6c4991f,True,True,True,78,40
554,8f3cd290-7053-7998-00a9-edc09c2c72a0,True,True,True,64,33
555,fd606b3a-e18e-a01a-5329-64cec54575a3,True,True,True,65,36
556,64e4c00e-adcd-a470-4bd0-c906da302217,True,True,True,14,9
557,d32370ca-d45d-50ec-2797-2ee77a6fd521,True,True,True,29,12
558,2f83e4cc-0d98-de3f-3ed9-1b8753d66a69,True,True,True,61,37
559,8f5ed6f3-28dd-ed40-5a81-fb15a4fe92fb,True,True,True,66,32
560,717e4885-20a2-1de0-ec47-780d906e6244,True,True,True,36,21
561,4bf0543a-d151-d338-8afa-3020eddbc191,True,True,True,29,15
562,b2728f0d-69f1-87a3-efed-7a4214dd9697,True,True,True,61,32
563,07a50cd8-52ca-c4f7-d48c-2dd4bff5b2ee,True,True,True,70,38
564,a714ed23-7324-667f-7be0-dcabd8cb273a,True,True,True,81,40
565,61dd0c7f-3554-fabe-fdaa-bbc6ff9651cf,True,True,True,79,43
566,379011c3-b16b-d979-c24b-77744ceb3042,True,True,True,74,41
567,dc12cce0-e4ae-2d80-2382-6f342198fdc5,True,True,True,18,11
568,b312a677-2168-125e-46d4-c6463696baef,True,True,True,62,32
569,cd5eccca-7712-d334-a51e-1c2201143b20,True,True,True,49,28
570,d605e150-02aa-9f8d-34df-a11f1f474d25,True,True,True,17,9
571,a1c6199d-00e4-abb2-1836-5c0d239f5cab,True,True,True,65,33
572,5054b614-58eb-54fc-8ac2-0f03677f92eb,True,True,True,67,38
573,cb867e37-db90-eafd-f725-1857653b5dcc,True,True,True,16,8
574,02d2550c-f2af-dd6a-1f65-024fcbb2cd71,True,True,True,14,8
575,d68d45e1-f8f9-89eb-74fd-c3ce834d46e9,True,True,True,65,37
576,8325ec53-67ff-3855-dbe6-7f2b61ed2fa8,True,True,True,65,34
577,d7efa2f2-9b31-135c-b397-2a846b8c39fa,True,True,True,68,37
578,88ce79b4-85ac-cc8a-693f-d2fffd7db635,True,True,True,6,5
579,442e5acf-818e-9d90-1746-1a12b73f0bc5,True,True,True,28,12
580,ec38fd5d-8b75-9d80-3ff0-2275d360988c,True,True,True,29,14
581,e041e7fc-2b23-1eb5-7ae4-1ac978816dd2,True,True,True,48,27
582,c599497b-ffea-8984-fb9a-048ef073933e,True,True,True,18,10
583,b2849f10-5d82-1f78-97a2-08972fc10304,True,True,True,64,30
584,b2ef4c65-5620-75f7-286c-96d323135960,True,True,True,61,36
585,ab3a98fa-d70c-db5d-e6eb-c8ec2c032db5,True,True,True,49,32
586,2b10f3d2-93ce-faf0-149c-bf4e238190fd,True,True,True,62,29
587,c83fa999-7cf5-2f19-95e6-546067c931bc,True,True,True,20,9
588,b80cf2ad-3621-4d17-5e72-a5317b22ac51,True,True,True,57,32
589,da27d24b-7e73-dac5-01bf-d56e652f5073,True,True,True,80,39
590,0719306a-234f-e756-8b6f-c58bc7b14f36,True,True,True,9,6
591,008facbf-8c77-26d2-d491-bebbc1134c9f,True,True,True,62,32
592,0b15fe81-bcd9-a044-710a-9ed2e8a4b9c4,True,True,True,94,57
593,11c7f206-24e5-d25f-b2ec-b5965df7b8f1,True,True,True,62,39
594,2c2457ff-dc86-fbba-9442-247a2a772816,True,True,True,17,11
595,ca45c367-e85c-fd3c-b5e3-90269110718d,True,True,True,62,31
596,fdb64c70-5633-a1e6-1dd9-6ec5fa32c97f,True,True,True,74,35
597,e6c80805-b10f-499a-9ae6-4ac91dee0580,True,True,True,31,15
598,6e517959-81f4-88aa-fb68-08df5b8b89b5,True,True,True,15,8
599,72f74230-31a2-4353-0427-8e9987417fed,True,True,True,68,34
600,933ccc2d-a150-f231-98b0-e4b889b8a4e4,True,True,True,65,34
601,e3b7d194-3b35-6fd8-9749-2b547793ad1f,True,True,True,72,43
602,ee3924cc-b1aa-be65-6f3e-b5ed89879f78,True,True,True,60,31
603,8d1d7ad9-f473-8b37-a34d-2dde4a0c0880,True,True,True,57,31
604,5b48086d-b9bd-35d7-eaba-6221fcf86c5b,True,True,True,69,38
605,35a1a3b6-a8bd-b332-7e8b-2baf3dfc551d,True,True,True,37,22
606,d22bc734-8400-a460-6bd3-00a5660b2515,True,True,True,54,28
607,51269c0c-005e-acce-35d2-d0dcccf8a0ff,True,True,True,21,12
608,e12f44f1-4542-444d-e470-dd40351feb8d,True,True,True,16,9
609,c76feff6-284a-1692-cc3c-ca10562c51f3,True,True,True,61,33
610,96cb7d51-a59e-a54d-6776-f94a1404457a,True,True,True,24,12
611,02cc39eb-bfb7-03b7-2ef0-bd230b43dfef,True,True,True,57,33
612,5196af03-e620-5c3b-ca0f-442cf2ed8b31,True,True,True,62,35
613,2a0be862-9049-4819-4541-a884655ba359,True,True,True,29,16
614,1c8f893b-acf7-c723-4a95-24e6ad3bf599,True,True,True,61,33
615,c4a76708-72f3-3167-29ea-b8d80190039f,True,True,True,65,37
616,8f81e391-7e84-eb12-9f73-fce5371eb15f,True,True,True,64,37
617,d79e4915-4a2e-6acd-6485-99fe6588d5d7,True,True,True,75,38
618,74b801e1-3570-3d5f-7074-047775555a14,True,True,True,74,39
619,79fc5ca1-11a4-bd0e-9abc-6ac7d8b2367b,True,True,True,62,30
620,65ab320e-9a34-e4d4-af35-b1124c677854,True,True,True,22,8
621,28867f0a-9d5b-42c8-360a-03e7856266d8,True,True,True,53,31
622,0ba2144e-866f-86fe-466e-dee04fb03fe5,True,True,True,70,38
623,5ecb5dfa-bcd0-46c8-8a83-24e14d3b1488,True,True,True,67,36
624,f34c2c17-d84e-1175-831a-a1a7e4bfa0a8,True,True,True,49,24
625,bb3c74ce-5a0e-5a38-5559-132ac8ee5533,True,True,True,13,7
626,035025c0-d31f-a917-bdaf-ec2b8aa1e6ae,True,True,True,19,11
627,156d8d7a-6111-69f1-c795-65faf543929d,True,True,True,68,42
628,e864804e-521b-f304-151f-f1c9300285b7,True,True,True,58,38
629,1a9823e0-ef24-71eb-cb3a-fc50f6bb8f52,True,True,True,20,11
630,976506ad-413a-e581-60eb-93a6832022ce,True,True,True,94,49
631,49c49f9d-3965-eab0-af20-33b4469de50f,True,True,True,10,5
632,5d06ed67-26ce-7afe-99f4-9451906a906e,True,True,True,71,36
633,8388efc6-e47c-105c-54d2-d78fc2e6883d,True,True,True,27,14
634,a67cb9f0-9a3a-f6b5-aa51-6cd641e447d6,True,True,True,66,36
635,691621bd-a60a-256a-3e46-1913423f898f,True,True,True,18,13
636,edb0dc28-7b87-1fb6-99ba-b63311d5bf53,True,True,True,19,11
637,fc07f3fe-9734-2e6d-41c0-2b00030132da,True,True,True,13,8
638,e306c9ad-0cbd-d23e-9477-2b938925730c,True,True,True,58,36
639,6a4ad545-6bc0-c975-2ed5-ef05491a3e88,True,True,True,59,39
640,35d204fc-00b8-650d-a00f-89978814cf53,True,True,True,66,37
641,5e67b43c-ce78-bb43-83fe-9db3f0ecbdbd,True,True,True,89,46
642,cf386f87-101c-6f65-513a-7aec24fcec9d,True,True,True,29,15
643,24f00874-6f63-8261-8657-1bf911883ce5,True,True,True,71,39
644,2babd939-bb8c-2612-d018-5b4661eb80a4,True,True,True,53,30
645,b5bb19f2-4037-416e-b6e5-04a7b1bb3e14,True,True,True,37,19
646,62e2232f-54f0-7ebd-7e83-b0bc4a4ab05e,True,True,True,20,9
647,f0912322-b45f-61dc-11fb-101e07879661,True,True,True,62,31
648,f21665f2-a227-d3c1-3555-894294e29182,True,True,True,41,24
649,d5d58968-70b5-a4c2-b4d9-ddca4f696f7a,True,True,True,15,7
650,f7423ab1-0d58-5d49-5878-a433192f4759,True,True,True,75,38
651,173172de-2de1-d7b6-24da-1dac069866cc,True,True,True,70,39
652,fe8916fe-68d6-670c-997b-652f8772b827,True,True,True,18,10
653,a6fa94a4-da34-2f4c-01ac-8547e5f8acfd,True,True,True,67,34
654,60bf7039-1e6a-787c-a43c-2fe4e5003695,True,True,True,58,28
655,43fb812d-8133-9f09-a3d3-5009b4f0a8c0,True,True,True,66,34
656,89dac7e7-8337-49fc-a7cb-e2450f73a0e5,True,True,True,60,34
657,d2c7ea6a-5aed-aeeb-7383-c0298a3acf4d,True,True,True,67,40
658,ad7d1832-9e93-42f6-5298-5be541fa9b0d,True,True,True,72,41
659,969bfeb8-d95b-6050-2801-de67cf2d21e9,True,True,True,63,38
660,2c1a8914-0c6f-5747-c62f-b97583970a9d,True,True,True,70,35
661,62451bf6-8566-26da-e607-8005451e3513,True,True,True,69,38
662,9ee4e379-ac39-395a-e08a-2a03336f6a2a,True,True,True,65,34
663,1ac31fa6-afa4-19cb-62d8-2a3837f670c0,True,True,True,57,26
664,b3f2023b-218a-27d0-9140-f58d40bba938,True,True,True,70,37
665,dee6b237-56a0-60e5-e60a-916351593adf,True,True,True,17,11
666,589e2aee-ef26-15b2-7fc0-b72dfa85ae98,True,True,True,72,28
667,46996288-1c1d-ae52-b67a-576a8e73952b,True,True,True,59,29
668,704bed49-b921-decd-6d42-bd190fb772d1,True,True,True,73,44
669,93978141-a09e-c4b6-dd54-5446abbf5a01,True,True,True,19,11
670,7f757ae4-5697-8021-7dfe-ff0eb4d97a48,True,True,True,9,6
671,582cc4cc-de50-5b11-a58a-f37099d399e4,True,True,True,32,16
672,82b965bf-4604-4a0b-7946-0aed22561122,True,True,True,13,9
673,4387855d-7094-d6ce-b24d-8e28fa1b4d70,True,True,True,60,31
674,b8388df2-049c-be66-3aef-8af0ae34ff9a,True,True,True,72,40
675,8d40c6f4-995a-dad1-3e87-360eb6bb5139,True,True,True,17,9
676,22372507-4ccd-0e0f-9e48-1dcb39b54340,True,True,True,69,33
677,46fdd2a5-7945-d272-c415-08d99c5be362,True,True,True,15,10
678,3ca4c648-6ee3-3f9d-66ab-c401f64729f3,True,True,True,71,39
679,62181c68-8a2c-6969-f4cd-633ea1bf9df9,True,True,True,13,8
680,b2b9d307-a91c-41a8-2817-92de162be8b5,True,True,True,58,30
681,bc9555b2-4255-83c9-ada9-b99215fefeec,True,True,True,72,39
682,250736df-814f-b6a4-7a73-221031355c3e,True,True,True,70,34
683,87b044ea-0a6d-e2ec-49d5-5b8462ad6c40,True,True,True,80,42
684,19613e5e-604b-4cac-203c-cd63df7d8bca,True,True,True,56,33
685,f09f9e4f-6704-d03f-209f-9af5facc51d4,True,True,True,38,18
686,9e20d377-3906-db98-ffea-177f457e26da,True,True,True,78,38
687,bc1a017d-a722-58f5-1760-4623797633d9,True,True,True,65,39
688,7b1c12ab-fa3e-739e-7792-6766e803968a,True,True,True,59,34
689,d4fceb5d-8a86-6206-966b-23c9cc674be5,True,True,True,28,14
690,e531272b-cdf6-5862-9400-1f439f03af13,True,True,True,40,26
691,07596639-acfe-b15b-1e47-f0e8b5807a33,True,True,True,88,39
692,9c019268-cffa-6fb2-65d7-186a821dd1a0,True,True,True,59,35
693,cf86c4ab-e21a-9466-8e52-8b7cd38061d1,True,True,True,71,39
694,8b7fa247-93d3-871f-ebb9-3f218a4e8116,True,True,True,67,31
695,aee6d504-131d-c7f2-4f0d-bd481b658118,True,True,True,80,38
696,db642afd-98b1-4eb8-d394-c5fa9a77ff9c,True,True,True,14,9
697,ee5c35d5-ae36-1f17-1486-333e90398997,True,True,True,68,38
698,3a0d357c-6da5-3af7-acbc-42dd45d87da0,True,True,True,59,35
699,29866a47-c308-6e11-902e-8db762785ad0,True,True,True,69,40
700,339e0592-e3a5-db75-60d2-aaa75d71e609,True,True,True,61,38
701,50a87d25-c3c5-d210-0e47-39c0c8c2f66f,True,True,True,72,40
702,a4b7806d-f129-4dbc-d3b9-7533ca65f93d,True,True,True,75,40
703,2188f761-92ba-8373-53bd-2b5924b2e605,True,True,True,68,35
704,f54ed619-a538-26f6-2263-f5bf7396becb,True,True,True,14,9
705,7dbed7c7-78a9-bdd4-97a9-c024b4829350,True,True,True,54,31
706,45030210-a909-0bf2-c445-ae7d73264e0d,True,True,True,73,35
707,a2f19007-e73a-5d3f-dfd9-51e0aa7800b4,True,True,True,62,33
708,45abcca1-dee6-607e-ff2a-4bfc7197eb45,True,True,True,61,36
709,e2e1c58d-b23f-f3b3-e1cb-ef6bea0be7fc,True,True,True,67,32
710,9b157ac1-e896-9ed7-3446-d9a342b72ea8,True,True,True,24,11
711,17fe24c4-6a17-8892-d9c2-90ecc36bff72,True,True,True,67,37
712,dc8c3be9-133b-38ba-2800-44cf16dbc060,True,True,True,69,38
713,712aa02f-21a4-108b-d25c-4499255448f0,True,True,True,63,31
714,b9686312-d0f1-77cd-2753-9523373786fc,True,True,True,63,40
715,1bccce4e-045f-32df-7962-8ff820a36a5a,True,True,True,20,14
716,d3bae2d0-0211-fa52-f4af-c72de0ab2247,True,True,True,18,9
717,a82f17b5-6ecd-91b2-c038-0958353b42ca,True,True,True,19,11
718,004a5d49-8e73-da42-7f04-7c5b1388306a,True,True,True,7,4
719,951a041f-12d5-6f0c-9494-2ff611d32f46,True,True,True,32,14
720,77bc984a-4621-70dd-9527-c724053a6961,True,True,True,16,11
721,c42848fb-954e-9146-9a99-2e953f0ed88e,True,True,True,56,35
722,1807d094-c29e-2bf8-dbbb-3bbba567d34f,True,True,True,49,28
723,7efba9f6-78b1-0d00-03f2-4f8d16fa4297,True,True,True,63,40
724,11519378-0408-b9fe-efa0-592e995766f1,True,True,True,25,11
725,20f0d729-42ea-e829-be72-8a17252d38c5,True,True,True,26,12
726,c73391f4-9995-0558-fac0-b3b6e92235c7,True,True,True,10,7
727,086978b2-e554-e5c7-ef76-d661345ca6c9,True,True,True,57,31
728,7d0b2f38-f47d-6c22-7ffd-1fe156d3919d,True,True,True,45,21
729,b597ec20-f5a5-baee-eba8-40ab1f7d5253,True,True,True,73,40
730,16a94355-1197-cc13-2aaa-0c90a4273381,True,True,True,73,36
731,4cb9577e-fa67-9701-8c7c-933d8b5ea92c,True,True,True,24,10
732,817777f1-e63a-fc09-ebc9-914bfb35864b,True,True,True,63,32
733,f9363905-d46f-065a-4395-da6ec70da7dd,True,True,True,32,17
734,089645fc-9f89-46a0-7b39-c3c1c140389c,True,True,True,72,39
735,b573fff2-9ce0-0e85-7d2e-5946d7225005,True,True,True,71,38
736,3196d91e-3ffe-5105-aa5b-4661a85e84ca,True,True,True,52,34
737,bbeb07f5-c695-488f-8bff-31f097d3d448,True,True,True,27,13
738,c8deca97-0209-428b-654e-c72757fa9023,True,True,True,78,39
739,da5a9d40-1898-6031-cc85-88a7270d1f0d,True,True,True,58,34
740,5394cb52-053d-2179-7f33-357eded858a0,True,True,True,24,15
741,fa1cf356-bd5b-f80d-fddd-7c3033b053d6,True,True,True,20,10
742,853e3a57-fec1-c43f-999d-0216aa9503e7,True,True,True,31,16
743,305fbde6-f483-a3d0-46f7-3da432c9b57e,True,True,True,17,10
744,d2044886-f09c-ce07-4761-d5faecc3ed3e,True,True,True,28,13
745,94f15a29-e074-89eb-9d0a-62f06ec637b8,True,True,True,65,36
746,ccdaa4f8-505a-40ee-5179-7416880a740d,True,True,True,61,33
747,ecae6e0e-8bad-483f-1e0b-552bc91199c4,True,True,True,66,35
748,e946b3da-966a-dcc7-2a7c-fc4e9d987a62,True,True,True,63,37
749,630dd2e4-7731-3252-c6d1-0043edf786dc,True,True,True,17,12
750,76993456-860f-1bdd-75b1-6fdf7ac8760a,True,True,True,76,40
751,40ee0cbe-83df-d57e-3333-bbc868250ab4,True,True,True,25,12
752,924b86d5-de68-087c-dfd0-55187760cf67,True,True,True,16,9
753,39bebd69-9f40-e927-fdf1-97e1bca82c42,True,True,True,38,16
754,28980541-16eb-4fa4-0300-2dda6af767d8,True,True,True,13,6
755,c1e40f88-e284-f3cc-e8e0-a8f0dbb52c0e,True,True,True,35,16
756,69639ce9-e093-bbc2-5d33-ed61b30329d2,True,True,True,75,46
757,78dbaaf6-55c8-8cc2-f985-02a48eccd34e,True,True,True,57,29
758,2eadea4e-63ff-59c8-b7e4-4952a26cc661,True,True,True,7,6
759,5dd8def8-9ca0-aabf-8a22-e919d4945632,True,False,True,61,30
760,43bb8e6d-d464-de2c-5039-4c6cbb9c187d,True,True,True,66,34
761,5401a3a0-2d02-6593-a306-20955bfa28fe,True,True,True,17,11
762,e3f9f4c9-d5b8-7f68-0326-2c0ce6e310c6,True,True,True,75,40
763,a57bcf74-505f-cba6-3556-0cb92a87f406,True,True,True,11,8
764,b756e381-9cbd-9931-d1c0-a89e01ea8fe8,True,True,True,61,29
765,00a8f680-5bd0-bac8-4c6b-e9efe272ed52,True,True,True,70,38
766,45ef9226-99ed-05a7-4ee3-049ba1f11356,True,True,True,69,36
767,a21bb8c0-79fe-42c0-63e1-36360574893d,True,True,True,18,13
768,170e8654-8dba-aebc-f2f1-1cbf6ffb40bc,True,True,True,72,38
769,5e7606c1-8c62-2409-0e9b-cf61c4cf94a4,True,True,True,59,36
770,273d8558-adce-ada2-f02a-0e140d5962f6,True,True,True,34,13
771,d380826a-e600-b92e-6c3e-d072d3c8078b,True,True,True,19,11
772,0c2b13f9-06e6-5bae-e1ba-6705f50088ae,True,True,True,63,34
773,4d5098bf-b594-a20a-4586-622e55beac0f,True,True,True,69,39
774,1e94620e-d78a-2ef7-bd53-886bc5b71494,True,True,True,67,35
775,64d2a4f8-3b38-2729-128b-a07bc241d812,True,True,True,18,11
776,5e3fa2f6-2313-6665-44a5-40dba35ac2cd,True,True,True,62,33
777,dc338a2a-119d-d267-e430-d2be79ede036,True,True,True,83,41
778,6ff4367d-dc95-be01-b519-8c31ed38ffc1,True,True,True,70,34
779,bcbe1c7a-f42a-da8e-1a75-4b2e8692e109,True,True,True,52,35
780,3a76da98-9490-6573-116c-2514152df9ac,True,True,True,49,28
781,d16d08e1-0335-db1e-8604-bbb416aac8bf,True,True,True,68,41
782,93e856eb-0cad-022b-dacf-5e2e3d0b6ced,True,True,True,73,39
783,3b5dd851-d18c-3541-3d0b-fb83fb15d547,True,True,True,73,40
784,3f5dbd72-7127-c4c4-a4ec-8c4278fd8e4b,True,True,True,19,9
785,2f29f2f4-9a90-cf3c-b4e3-99cec00cb964,True,True,True,72,38
786,5362af01-e47d-d219-6d9b-5354062585c8,True,True,True,57,33
787,012f0ddd-841b-77f7-b4f0-f79f0c2e771e,True,True,True,53,30
788,9e4aef49-34e0-bb8c-3233-95464561160b,True,True,True,71,37
789,df5d6891-1a0e-02f3-a7f5-2d72287ce32c,True,True,True,10,5
790,cee61d17-7e02-7b35-7657-83dccbcd24e9,True,True,True,82,45
791,901ba185-2129-2220-d07e-51f36cfff718,True,True,True,43,24
792,c75ab615-d7ac-629a-c706-502de1ffceba,True,True,True,31,13
793,37582f4a-157b-5bf6-90c6-3e142ea37621,True,True,True,67,36
794,551411c2-803d-494a-e35d-08f712bbfd70,True,True,True,47,18
795,83036a0e-a4d2-28ab-569d-606f3633233c,True,True,True,29,15
796,475a8b51-74eb-937c-36b6-e4e0b342bf70,True,True,True,17,8
797,ea114a7a-36d5-0dec-bacc-421a7e81e1d5,True,True,True,22,12
798,c7072fbd-e732-6855-7bf5-de671b495fd8,True,True,True,52,34
799,cff33603-cba7-3834-2164-dfab865b9ef6,True,True,True,59,38
800,a85d94b7-f4c5-91f3-31b3-f4d1fbeb70b6,True,True,True,73,38
801,3eb62098-c4ac-d959-2cb0-db74d179f510,True,True,True,55,32
802,3f0e6d92-67db-39cb-8ae3-80f0c5824e44,True,True,True,72,34
803,9c7cd573-9de9-3afa-5947-c660ccf57612,True,True,True,11,6
804,71da60d8-243e-b009-c19a-65b15a91a5b0,True,True,True,5,3
805,8d886758-f914-a39f-3699-de704eb46f76,True,True,True,65,39
806,d99a89df-1a02-4e0d-b841-456ab53c398d,True,True,True,58,31
807,571e39b8-2c94-49a7-8673-b26cf31be540,True,True,True,28,15
808,4fa725a8-8815-0796-348a-241753bd19df,True,True,True,73,37
809,25a14bf3-adef-70a1-8a00-01708eabe4e0,True,True,True,62,28
810,67d3b1ba-b67e-3e75-f677-faffc415da40,True,True,True,19,11
811,0a4b7986-46b9-b9da-9c61-3128e502ff63,True,False,True,69,36
812,91624336-b225-4c6c-70b0-10331e2aed2f,True,True,True,71,38
813,f2b15939-f627-978e-9570-fd535a3872a3,True,True,True,27,12
814,6acedc7d-76ce-570b-fc28-7faa73971860,True,True,True,9,5
815,0f38da97-1678-753f-1dde-77fc59249a14,True,True,True,64,42
816,a6987ba9-d0c2-5065-cb12-68d6c6b89912,True,True,True,50,36
817,7f99dd00-988a-23b8-7aa2-558528b6740b,True,True,True,57,29
818,e5d67e6c-ff0e-b9f1-c1d3-3c7391794253,True,True,True,54,31
819,396d6e5c-0e94-c4b6-922a-dab9dc8c7efd,True,True,True,41,22
820,feaece2c-f2a9-470c-4b3f-df31ad97bb96,True,True,True,17,10
821,08dbebb0-b99d-bd24-ad60-04112711f7f9,True,True,True,9,7
822,f969318b-f66a-f98e-4da7-ebb4bdb0f060,True,True,True,11,7
823,5589157a-23ef-c865-ae01-a592870c4528,True,True,True,65,39
824,d7799431-4883-fda0-c11f-b5ee6b7e3f64,True,True,True,59,35
825,22b09731-036b-00e4-66b6-d26d490209ea,True,True,True,19,9
826,d1446578-cf16-a5cc-ea7e-e70a4be4920c,True,True,True,77,43
827,6f931207-b5f6-c388-cb8e-d46d6b2ba8ff,True,True,True,80,40
828,9f71bf47-5554-541a-0f36-fc6c9632e721,True,True,True,76,43
829,81717bc0-1ac9-f72e-1c41-da7db7b0dcb8,True,False,True,74,37
830,93784921-0769-176f-9403-6866c4a3199e,True,True,True,24,10
831,f0afeea7-dfda-9260-3c59-a10cd1bc0ce8,True,True,True,67,35
832,277c6622-a449-784d-fcd9-03567c407e34,True,True,True,15,8
833,38e8ab03-166b-e9c7-4aaa-821ae3f26d1b,True,True,True,70,39
834,cf105e74-17a9-b10e-136e-9f372c5b56e2,True,True,True,12,6
835,7bbe5b67-892c-c11c-e052-882af12aee4e,True,True,True,66,33
836,7eb2d947-69ae-a79f-d0b6-1c127057f19a,True,True,True,30,16
837,2693df40-b56b-8388-1150-adf6921d4c45,True,True,True,50,30
838,7f656ee3-261f-9a25-73bb-803e6e7a8dad,True,True,True,62,36
839,00065230-be8a-6c26-14ec-e531e0539e5b,True,True,True,73,40
840,0a117ceb-c708-c435-7505-ea1df127842d,True,True,True,65,34
841,46c92c8a-6304-ca4f-2cb7-cbabdc192e45,True,True,True,15,8
842,9a514ec2-d467-ed74-71c4-5909e8ea764a,True,True,True,26,16
843,e15dae6b-f11d-496b-5569-bac245e20146,True,True,True,60,32
844,00b6d0f5-3081-2edd-1ae3-d96c62aaa08f,True,True,True,63,37
845,43454e5c-c088-c871-ca13-5dcc6dc2708c,True,True,True,16,9
846,b5e5053a-9c92-8c23-03ce-f9dbc900454c,True,True,True,62,31
847,e9db2970-d440-6322-09ad-ddb00e0efc03,True,True,True,84,43
848,49ea12e6-74a6-8e5a-1b00-de9c00a83649,True,True,True,74,39
849,f98ff48f-78f4-93ac-e257-7ce5bf375eef,True,True,True,57,32
850,9c9047de-71cb-7deb-52ce-731ba494e5a5,True,True,True,71,39
851,6ace3ed8-1795-6f58-f178-ba50a9bad358,True,True,True,64,32
852,076533b7-d3a7-d1e5-c6da-8f95b123989c,True,True,True,17,6
853,f6bb3085-d2f1-cb19-e5f9-100b11b18ccd,True,True,True,60,35
854,72a91428-99da-0e08-a9bb-76ece9d55771,True,True,True,18,10
855,5ed92f7e-710d-a416-21d5-0d90f3b9cf45,True,True,True,68,33
856,92a1b529-c501-1fd5-b4f3-678c27956759,True,True,True,68,39
857,498e60fe-aef5-140f-a0bd-9c9b1d7c80ca,True,True,True,69,34
858,fa3638e8-a75d-d7ca-6f28-eb89b903d8d2,True,True,True,56,30
859,f5482d49-cf6d-2353-9485-fc59debe17e3,True,True,True,17,12
860,d6215d56-6308-590f-f24b-06d537b3fd25,True,True,True,21,12
861,033bf46d-48b2-bf8f-f1b7-d7fdcdcc2d87,True,True,True,78,43
862,68c5b9cc-c61f-cfbe-97c3-1d4e9b42ba7c,True,True,True,70,43
863,4e29fdce-cc4e-9fa9-ce72-a549717594a3,True,True,True,23,12
864,783490e4-774b-6339-b857-5ec549c0d573,True,True,True,59,34
865,19fcc3bf-2d0b-8a93-b11d-2eca813e9209,True,True,True,34,17
866,a6e76108-8f41-5b12-ff3d-d6ca17365834,True,True,True,52,19
867,f11cf4cb-8578-3942-6245-29a52a760e45,True,True,True,53,31
868,b710135e-38a4-c063-ed11-44b5bb499c99,True,True,True,71,37
869,7128bae8-c1aa-7cc0-c685-fb440f556c7a,True,True,True,16,9
870,47cc667d-be3d-87aa-b65a-c626cdeb57bc,True,True,True,77,39
871,14853fff-c0d0-76b7-f7cb-7bf183b64ee3,True,True,True,61,33
872,9474d505-afbe-3c58-7870-a01b72ef4579,True,True,True,58,32
873,cf39424c-577c-86ba-e3b6-eba9d4fe1b82,True,True,True,68,33
874,39f57832-94dd-559f-908b-c6f15656dc0b,True,True,True,14,7
875,5c78217a-f946-b708-9ece-de62fe69163d,True,True,True,61,34
876,f8ab033f-fd75-d0da-6a0b-9baf55f046de,True,True,True,10,5
877,74096854-cff7-2c2e-d3ae-fd691a09804a,True,True,True,72,40
878,f4cf3167-dadb-b44c-bae6-5308239de155,True,True,True,69,41
879,c9b790ea-4697-7f08-5da0-8e456ac7a005,True,True,True,65,33
880,a425a264-6971-cb25-6cdc-76254143878e,True,True,True,69,36
881,98aaec85-1852-9890-15c0-bcf0f0ed8a2c,True,True,True,11,8
882,ff96e26c-522f-6f4f-2a0d-d6f2acf09c6c,True,True,True,61,31
883,e469df66-a6a7-e9a4-bab2-b83c059fb14e,True,True,True,14,6
884,6d8cd94b-adba-ae15-7929-7342427b01df,True,True,True,72,38
885,732587af-8da1-287c-65f0-212553d53e6d,True,True,True,39,21
886,6c021788-9794-58cf-189b-686ed9e2a848,True,True,True,60,36
887,294db8ec-6edf-d176-7cb2-b24531a18ca6,True,True,True,17,10
888,0a567068-6833-af18-fb44-8584bd199345,True,True,True,71,36
889,c269db9d-67cc-d350-4037-131991d78658,True,True,True,64,37
890,6cabba1d-2034-a8bc-d04b-9ac24ed45d21,True,True,True,24,15
891,c4bf068a-080f-c8b2-ca0f-7caad403d2c3,True,True,True,54,28
892,fe4106a0-7808-ee68-e3cc-837de779ecac,True,True,True,18,8
893,136dbe9f-30a6-fab1-282c-71b06fdae9d6,True,True,True,68,41
894,fb5518d1-2c1d-c6e5-7d30-a193da004501,True,True,True,60,34
895,b8058056-97c0-557e-2f00-614f094edd23,True,True,True,24,10
896,d51817cc-c4e7-fe89-ffb9-b6222bafb155,True,True,True,62,39
897,8eba1f29-d846-8c37-cd55-bb8ecdb03ff2,True,True,True,61,39
898,c13c4bb0-6a06-fb5a-534a-9578aaac1092,True,True,True,17,8
899,b8baf12b-3486-4388-ec7a-d217d14bb76e,True,True,True,16,9
900,22f6e93a-9b37-080d-9e43-40c20890017a,True,True,True,52,25
901,8474a060-3f95-b3a6-0e91-18d89834a1b7,True,True,True,67,38
902,c3a1a4c9-2346-28ca-bb89-8dc6478ce172,True,True,True,59,35
903,bb264da6-df63-2939-9a66-ad965c3fb58b,True,True,True,72,36
904,6b3e93a2-e773-fdd2-e416-6689c9ed2699,True,True,True,62,34
905,3a7a85ed-a140-20ac-59f1-f3e45fe68837,True,True,True,76,44
906,62e23b52-2ded-fbe2-ef2c-2c0d04b1a0e7,True,True,True,89,45
907,45306334-2714-c6ce-d018-bf74677b5704,True,True,True,10,6
908,da9a0712-74ec-4d0f-3297-2ac627528fbd,True,True,True,35,18
909,08197272-47ab-230c-6a71-3b75c7db5753,True,True,True,22,9
910,e946765b-4271-849c-6dc2-40b88ca5daee,True,True,True,62,33
911,ce2fdf9c-5a3d-7818-b082-ffb0d76502c9,True,True,True,68,36
912,ca2f2a84-30fb-37f1-9f2a-4af0ca73410a,True,True,True,38,18
913,5ef6e9ec-6e2e-7105-de0b-378ae934f70c,True,True,True,9,7
914,606daef2-f2b8-c955-14c9-147ccb04767e,True,True,True,33,16
915,a5bd530a-73d6-79d9-3403-29c856076022,True,True,True,33,14
916,a44b7447-7574-6499-de53-60caa2b1787d,True,True,True,18,10
917,3056442a-3bf3-b4cc-84f3-19810e12fe47,True,True,True,66,37
918,2d8eb11d-41fd-776d-1cef-34b39a7d0697,True,True,True,67,36
919,ed6f0741-88a9-1c5e-8796-f78396bfdedb,True,True,True,61,33
920,82ea46b1-3e17-8a90-0286-1498e1c89f05,True,True,True,65,34
921,7d8f1e68-28b1-5cd6-deea-da42f4668259,True,True,True,72,38
922,db6fed42-c4ec-b170-e18f-9af5efa20e77,True,True,True,59,32
923,425318ad-356a-cea4-8c00-aad3c0d758ba,True,True,True,72,36
924,82a27440-bd3c-91ae-70cc-67f3fffff22a,True,True,True,67,41
925,41a3843e-b0b8-ea1c-18bc-53417c929043,True,True,True,22,13
926,acf09a0e-1c98-ac33-a544-8dd4eb2a79d9,True,True,True,13,8
927,b1913d8a-4368-8155-4141-83c2812b8684,True,True,True,30,15
928,040e9411-6408-0fd5-ea31-0ebe9cef4358,True,True,True,66,39
929,e3a3e95c-37a6-55a4-bfa9-f31fe8655d36,True,True,True,75,32
930,ba35d4c9-8a6d-6261-8d23-4edd87bcb72b,True,True,True,63,35
931,7a9cdff3-43b3-e260-1868-123511473e68,True,True,True,58,30
932,cd6135c2-8457-6885-1e72-0bb2ce461b11,True,True,True,71,43
933,0b98c3c9-096f-eeb5-d5fc-101238c6e590,True,True,True,15,9
934,23bffa63-1656-e3ea-0817-10f911cee615,True,True,True,60,32
935,093e1e51-13b7-7d02-1e0d-4dc3f82b2352,True,True,True,69,37
936,fee3eebb-8f0a-6852-af2c-872c9aaa9d06,True,True,True,22,11
937,8a948ab7-d1c1-4b3e-f87d-1a9b1f564f42,True,True,True,82,41
938,e052616e-e8bb-2358-470e-33478dcf6581,True,True,True,47,23
939,1929d890-1a93-1568-bf74-03a7455e730e,True,True,True,71,36
940,1cf1ef9f-a7f4-0c23-44f0-9a57614d15e8,True,True,True,65,35
941,74993fad-65ce-7709-b1f2-1f14b7a5eafd,True,True,True,73,35
942,d3a1a54d-ef6f-dbcf-bf4f-539657ad3390,True,True,True,19,10
943,2ff7d0c5-1b5c-19c2-025d-b84b6ae82049,True,True,True,63,38
944,b7b879c4-6579-ff70-0e01-2bb8115effa9,True,True,True,69,39
945,684e30fc-5f72-703d-7457-085b95656ed2,True,True,True,71,40
946,d55c1da4-3b91-248b-112e-19feaa58a885,True,True,True,20,13
947,b51bd86f-9ecb-f7f1-8be2-72fc215bbb7b,True,True,True,61,32
948,c39540c9-624d-97c9-6f08-0cf33bceceb4,True,True,True,66,34
949,4523c732-bdab-e9f9-2a58-2b84199433b8,True,True,True,62,35
950,05860db7-ec69-f1f8-e2e9-596c48872085,True,True,True,14,7
951,ecc0766b-8c2a-00c4-c793-7f2703a63e2b,True,True,True,35,21
952,8a1163ed-9b3c-328c-2360-ee224fb84cb4,True,True,True,68,36
953,62d7586d-06a6-1d4f-af69-448d030800f3,True,True,True,55,33
954,27975e5b-d2b2-cd0b-305f-0f80f7a4dd8f,True,True,True,71,41
955,747f56b6-5a93-3cf8-ec49-dfa8212863a5,True,True,True,58,30
956,8ae4d293-5bc1-2435-4524-07e5ee2f9dc0,True,True,True,8,5
957,c6814c59-58e5-7007-3064-86c74013798a,True,True,True,30,16
958,cb35d098-f1ad-be06-6d52-707c9d38b430,True,True,True,14,8
959,187323ec-0fe6-c284-81c9-225a00929ecd,True,True,True,79,39
960,f7e2fd38-748a-a87a-5ecc-a77ac276c8e7,True,True,True,69,40
961,ff846df9-66ad-cb21-43f7-7df5205b948a,True,True,True,77,37
962,59397655-580e-6a85-85a7-c063018730d9,True,True,True,64,36
963,55b32efd-a0b5-60eb-90e1-cd0bbd67f5b5,True,True,True,65,40
964,982d07e0-b877-9152-3215-84826a1e62b0,True,True,True,20,11
965,287d1794-f7ba-3a67-fdb9-858d2704c102,True,True,True,65,36
966,e2e7144f-0429-bc3c-af3b-9a669099dabd,True,True,True,73,37
967,58b50f99-236a-e82d-71ac-68c0fb3b4a89,True,True,True,23,14
968,90827444-599c-0a4b-d1b6-0ca6590f8e0d,True,True,True,67,39
969,fcc4c56d-2f97-3e37-8b5f-ae4ab00a21de,True,True,True,61,32
970,0389cad5-f464-9d41-6365-b67bd243d443,True,True,True,24,17
971,8695f080-2605-fce9-17b8-2aa8d42edfb1,True,True,True,71,30
972,55201ea0-b49f-8a1e-7b23-6ed93be5617a,True,True,True,63,33
973,4ff030f5-4cfb-9ce0-c310-435829cbdd15,True,True,True,57,32
974,99c02811-f800-555e-0f5d-f8c3f2495046,True,True,True,32,15
975,42e2da64-249d-5954-14ef-e8e9f9c80004,True,True,True,56,32
976,6f8fcf74-8d3f-f1e4-6bf3-d65d090a40b7,True,True,True,70,37
977,488f65ea-5394-25f0-4a65-912840a3210a,True,True,True,21,11
978,e52eed64-182f-bdf6-617a-8548a60e97af,True,True,True,13,7
979,202c7cf5-6973-52c9-87fc-045a4bc76311,True,True,True,77,41
980,c978de6d-10d4-6951-bc50-74f48c4212ff,True,True,True,26,15
981,2c22d5d0-584e-836e-a583-7ac8cae9b3ff,True,True,True,52,30
982,eaeaf244-f1f0-3c50-e260-f182f5e666e2,True,True,True,80,43
983,a1989a3c-0dd9-18ed-020b-cf7bb9770450,True,True,True,69,36
984,20340deb-7e57-c549-1c33-6c9317825d5c,True,True,True,13,9
985,8ff9f1b1-f3d1-af85-b858-67b9faa58107,True,True,True,19,10
986,f747e9b5-dbfb-9d49-6c73-6a95c0ac8c51,True,True,True,39,24
987,31d18b27-01a5-1d24-7af4-60b168112425,True,True,True,6,4
988,927e4948-3eb3-3aba-8887-fb751b1e7fed,True,True,True,26,13
989,25666f6e-96ca-d010-6e8e-db7b493353d6,True,True,True,76,42
990,4401732e-f084-e32f-a53a-6a1f08c719c4,True,True,True,61,34
991,f2b15cf2-d5fe-5e79-c403-ce1bff11b236,True,True,True,62,35
992,e7d9e80b-1a1e-b493-c888-dccde3dd44ff,True,True,True,15,7
993,830ff8f9-96f4-ee1f-f640-d0b87f18e66c,True,True,True,60,31
994,6f6c4585-7c45-6466-0290-8fde14d16c1a,True,True,True,57,31
995,f9ea0c50-ed77-df9a-d4fb-a70424dd5b4a,True,True,True,13,7
996,60c61337-e3a0-cc15-cee0-a5df26e0513a,True,True,True,24,10
997,f4751378-72cb-044b-82b3-6a9b7bc59443,True,True,True,62,36
998,afbd7e1a-0580-d133-7424-38c0db21fe16,True,True,True,81,43
999,c0ffc083-9191-0c0f-12a4-8382a0eab388,True,True,True,66,38
